SubjectID,Channel_0,Channel_1,Channel_2,Label
001,C:/Projects/GANDLF/testing/data/2d_rad_segmentation/001/image_blue.png,C:/Projects/GANDLF/testing/data/2d_rad_segmentation/001/image_red.png,C:/Projects/GANDLF/testing/data/2d_rad_segmentation/001/image_green.png,C:/Projects/GANDLF/testing/data/2d_rad_segmentation/001/mask.png
002,C:/Projects/GANDLF/testing/data/2d_rad_segmentation/002/image_blue.png,C:/Projects/GANDLF/testing/data/2d_rad_segmentation/002/image_red.png,C:/Projects/GANDLF/testing/data/2d_rad_segmentation/002/image_green.png,C:/Projects/GANDLF/testing/data/2d_rad_segmentation/002/mask.png
003,C:/Projects/GANDLF/testing/data/2d_rad_segmentation/003/image_blue.png,C:/Projects/GANDLF/testing/data/2d_rad_segmentation/003/image_red.png,C:/Projects/GANDLF/testing/data/2d_rad_segmentation/003/image_green.png,C:/Projects/GANDLF/testing/data/2d_rad_segmentation/003/mask.png
004,C:/Projects/GANDLF/testing/data/2d_rad_segmentation/004/image_blue.png,C:/Projects/GANDLF/testing/data/2d_rad_segmentation/004/image_red.png,C:/Projects/GANDLF/testing/data/2d_rad_segmentation/004/image_green.png,C:/Projects/GANDLF/testing/data/2d_rad_segmentation/004/mask.png
005,C:/Projects/GANDLF/testing/data/2d_rad_segmentation/005/image_blue.png,C:/Projects/GANDLF/testing/data/2d_rad_segmentation/005/image_red.png,C:/Projects/GANDLF/testing/data/2d_rad_segmentation/005/image_green.png,C:/Projects/GANDLF/testing/data/2d_rad_segmentation/005/mask.png
006,C:/Projects/GANDLF/testing/data/2d_rad_segmentation/006/image_blue.png,C:/Projects/GANDLF/testing/data/2d_rad_segmentation/006/image_red.png,C:/Projects/GANDLF/testing/data/2d_rad_segmentation/006/image_green.png,C:/Projects/GANDLF/testing/data/2d_rad_segmentation/006/mask.png
007,C:/Projects/GANDLF/testing/data/2d_rad_segmentation/007/image_blue.png,C:/Projects/GANDLF/testing/data/2d_rad_segmentation/007/image_red.png,C:/Projects/GANDLF/testing/data/2d_rad_segmentation/007/image_green.png,C:/Projects/GANDLF/testing/data/2d_rad_segmentation/007/mask.png
008,C:/Projects/GANDLF/testing/data/2d_rad_segmentation/008/image_blue.png,C:/Projects/GANDLF/testing/data/2d_rad_segmentation/008/image_red.png,C:/Projects/GANDLF/testing/data/2d_rad_segmentation/008/image_green.png,C:/Projects/GANDLF/testing/data/2d_rad_segmentation/008/mask.png
009,C:/Projects/GANDLF/testing/data/2d_rad_segmentation/009/image_blue.png,C:/Projects/GANDLF/testing/data/2d_rad_segmentation/009/image_red.png,C:/Projects/GANDLF/testing/data/2d_rad_segmentation/009/image_green.png,C:/Projects/GANDLF/testing/data/2d_rad_segmentation/009/mask.png
010,C:/Projects/GANDLF/testing/data/2d_rad_segmentation/010/image_blue.png,C:/Projects/GANDLF/testing/data/2d_rad_segmentation/010/image_red.png,C:/Projects/GANDLF/testing/data/2d_rad_segmentation/010/image_green.png,C:/Projects/GANDLF/testing/data/2d_rad_segmentation/010/mask.png
